category_id,name_da,name_en,parent_id,type,vat_hint,synonyms,merchant_hints,mcc_hints,gl_pattern_hints,gl_accounts_suggested_numbers,gl_accounts_suggested_names,rollups,notes
food_drink,Mad & drikke (samlet),Food & Drink (all),,group,full,,,,,,,,
meals,Måltider (mad),Meals (food),food_drink,group,full,frokost|lunch|aftensmad|mad|måltid,,,,,,,
cafes_lunch,Caféer & frokoststeder,Cafés & lunch places,meals,spend,full,café|kaffebar|kaffebar|frokoststed|joej|joe & the juice|lagkagehuset|espresso house|kantine|lunch,,5812|5814,restaurant|café|frokost|kantine|catering,3586,Frokostordning,t_and_e,
catering,Catering & mødeforplejning,Catering & meeting catering,meals,spend,full,catering|møde-forplejning|mødeforplejning|forplejning|buffet|platte,,5811|5812,catering|forplejning,,,t_and_e,
office_lunch_scheme,Frokostordning (kontor),Office lunch scheme,meals,spend,partial,frokostordning|kantineordning,,,frokostordning|kantine,3586,Frokostordning,t_and_e,
groceries_office,Dagligvarer til kontor/køkken,Groceries for office/kitchen,meals,spend,full,supermarked|supermarket|netto|rema1000|føtex|bilka|meny|irony|coop|coop365|dagrofa,,5411|5499,dagligvarer|køkken|frugt|frugtordning|vand,3721,Vand,t_and_e,
snacks,Snacks & sødt,Snacks & sweets,meals,spend,full,snacks|kage|chokolade|chips,,5499,snacks|kage|chokolade,9689,Udlæg SLUT Brian K. Flaskager,t_and_e,
fast_food,Fastfood,Fast food,meals,spend,full,burger|shawarma|pizza|kebab|mcdonalds|burger king|subway,,5814,fastfood,,,t_and_e,
bakery_pastry,Bager & konditori,Bakery & pastry,meals,spend,full,bager|konditori|brød|kager|lagkagehuset,,5462,bager|konditori,,,t_and_e,
beverages,Drikkevarer (samlet),Beverages (all),food_drink,group,full,,,,,,,,
non_alcoholic,Ikke-alkoholiske drikke,Non-alcoholic drinks,beverages,group,full,,,,,,,drinks_all,
coffee_tea,Kaffe & te,Coffee & tea,non_alcoholic,spend,full,kaffe|espresso|americano|latte|cappuccino|te|tea,,5812|5814,kaffe|te,2104|2140|2170|3001|3050|3070|3111|3122|3530|3550|3556|3572|3575|3589|3608|3610|3725|3998|4008|4015|4016|4031|4040|5241|5242|5250|5258|5259|5799|6199|6500|6800|6806|6810|6814|6818|6820|6849|6850|6856|6860|6864|6875|6899|6999|7990|8100|8199|8515|8690|8741|8742|8743|9170|9175|9400|9462|9471|9475|9478|9482|9485|9651|9659|9665|9670|9676|9683|9695|9699|9703|9721|9731|9735|9741|9742|9751|9753|9756|9757|9758|9759|9763|9768|9769|9771|9774|9785|9786|9787|9798|9801|9803,"Konsulenthonorar Vattenfall|Konsulenthonorar TW TECH|Administration TW TECH|DIREKTE OMKOSTNINGER|Konsulentbistand TW TECH|Administration TW Tech|Forbrug intern tid|Afregning intern tid|Fri telefon|B-indkomster|Reg. Feriepengeforpligtelse|Diæter|Gaver og blomster|Personale / Arrangementer uden moms|Leje af testlokaler m.m.|Inspirationsmaterialer|Fællesudgifter|DIREKTE OMKOSTNINGER I ALT|Gaver og blomster|Arrangementer m/moms|Arrangementer u/moms|Hotel DK|Kunde udlæg Hotel|Abonnementer (Telefon, Internet )|Telefon-Internet -Personale halv moms|Blade, tidsskrifter, faglitteratur|Kontingenter|Kontingenter uden moms|Kapacitetsomkostninger i alt|**Resultat før renter**|FINANSIELLE POSTER|Renteindtægter mv.|Renteindtægt banker|Renteindtægt debitorer|Udbytte og renteindtægt på værdipapirer|Andre renteindtægter|Kursgevinster|Renteindtægter i alt|Renteudgifter mv.|Renteudgift banker|Renteudgift kreditorer|Andre renteudgifter|Gebyr og renter off. Myndigheder|Renteudgifter mv. i alt|FINANSIELLE POSTER I ALT|Afsat til udbytte|Materielle anlægsaktiver|Materielle anlægsaktiver i alt|Igangværende arbejder ekstern|Periodeafgrænsningsposter|Mastercard TK 3965698 Nykredit|Mastercard TG 3965981 Nykredit|Mastercard HEL 3966007 Nykredit|Skyldig udbytte|Ekstraordinær udbytte|Kortfristet gæld|Mellemregning Peter|Mellemregning TW Technology|Afsatte feriepenge|Skyldig Udbytte Skat|Langfristet skat|Skattekonto|Udlæg Mette Buhl|SLUTJeanette K. Hansen|Stephan Jensen|kortfristet gæld ialt|SLUT Morten Press|SLUT Michala Christensen|SLUT Stefan Vesløev|SLUT Anna Mette Hansen|Jens Østervang|Ditte Hjort|Anette Luffe|Sofie Østengård|Peter Lester|Alberte Bang|Stefan Hansen|Morten Lund|MINUS TW TECHEmil Tange|MINUS TW TECH Anders Thøgersen|MINUS TW TECH Henrik G Hansen|MINUS TW TECH Rasmus Rask Andersen|André Kristensen|Malte Hyllested|Simon Christensen|Lars Østergaard|Mette Borch|Nicolas de Teilmann|Mikael Filtenborg|Marcus Vielsted|Alexander Fetterlein|Mette Sander|Charlotte Ellesøe",drinks_all|drinks_non_alcoholic,
water,Vand,Water,non_alcoholic,spend,full,vand|kildevand|sparkling|danskvand,,5499,vand,3721,Vand,drinks_all|drinks_non_alcoholic,
juice_smoothies,Juice & smoothies,Juice & smoothies,non_alcoholic,spend,full,juice|smoothie|fresh juice,,5499,juice|smoothie,,,drinks_all|drinks_non_alcoholic,
soda_energy,Sodavand & energidrikke,Soda & energy drinks,non_alcoholic,spend,full,sodavand|cola|fanta|sprite|energydrik|red bull|monster,,5499,sodavand|cola|energi,9761|9785,Nicolas Horst|Nicolas de Teilmann,drinks_all|drinks_non_alcoholic,
alcoholic,Alkoholiske drikke,Alcoholic drinks,beverages,group,partial,,,,,,,drinks_all,
beer,Øl,Beer,alcoholic,spend,full,øl|pilsner|ipa|lager,,5813|5921,øl,9749,Rasmus Møller,drinks_all|drinks_alcoholic,
wine,Vin,Wine,alcoholic,spend,full,vin|rødvin|hvidvin|rose,,5813|5921,vin,6820|9467,Kursgevinster|Mellemregning Gammelvind Cons. ApS,drinks_all|drinks_alcoholic,
spirits,Spiritus & cocktails,Spirits & cocktails,alcoholic,spend,full,spiritus|cocktails|whisky|gin|rom|vodka,,5813|5921,spiritus,,,drinks_all|drinks_alcoholic,
representation,Repræsentation (kundeunderholdning),Representation (client entertainment),food_drink,spend,partial,repræsentation|kundeunderholdning|restaurationsbesøg,,,repræsentation|restaurationsbesøg|underholdning|kunde,3020|3591|4006|4007|4020|4040|4041|4042|5234|9468,Afholdelse af kursus kunder|Restaurationsbesøg overarb. mv.|Restaurationsbesøg m/delv. Fradragsret|Kunde udlæg mad|Anden repræsentation|Kunde udlæg Hotel|Kunde udlæg office|Kunde udlæg transport|Kunde udlæg office|Modtagne forudbetalinger fra kunder,t_and_e,
travel_transport,Rejser & transport (samlet),Travel & transport (all),,group,full,,,,,,,,
flights,Flybilletter,Air travel,travel_transport,spend,full,fly|flight|sas|norwegian|ryanair,,4511,fly,,,t_and_e,
hotels,Hotel & logi,Hotels & lodging,travel_transport,spend,full,hotel|overnatning|logi,,7011,hotel|ophold|overnatning,3680|3682|4030|4031|4032|4040,Rejser og ophold ifm. Opgaver|Rejser og ophold ifm opgaver m/delv. Moms|Rejser og ophold|Hotel DK|Rejser og ophold m/delv. Fradragsret|Kunde udlæg Hotel,t_and_e,
rail,Tog,Rail,travel_transport,spend,full,tog|dsb,,4112,tog,4050,Taxa/tog/bus,t_and_e,
bus,Bus,Bus,travel_transport,spend,full,bus,,4131,bus,4050|9800,Taxa/tog/bus|Kamille Busch Hansen,t_and_e,
taxi_rideshare,Taxi & rideshare,Taxi & rideshare,travel_transport,spend,full,taxa|taxi|uber|bolt,,4121,taxa|taxi,4050,Taxa/tog/bus,t_and_e,
car_rental,Lejebiler,Car rental,travel_transport,spend,full,lejebil|rental car|avis|hertz|europcar|sixt,,7512,lejebil|rental,,,t_and_e,
fuel,Brændstof,Fuel,travel_transport,spend,full,benzin|diesel|tank,,5541|5542,benzin|diesel|brændstof,,,t_and_e,
parking,Parkering,Parking,travel_transport,spend,full,parkering|p-afgift|parkeringsafgift,,7523,parkering|p-,3705|4055,Parkeringsplads|Parkering,t_and_e,
tolls_bridges,Bro & vejafgifter,Tolls & bridges,travel_transport,spend,full,storebælt|øresund|broafgift|vejafgift,,4784,broafgift|storebælt|øresund|ørestund|ø|vejafgift,1000|3501|3502|3583|3585|3591|3597|3599|3620|3621|3729|3730|4006|4061|4066|4090|4099|5228|5229|5299|6199|7070|8635|8642|9180|9419|9421|9422|9439|9450|9452|9458|9650|9656|9675|9681|9695|9703|9714|9729|9735|9736|9738|9749|9755|9757|9771|9797|9803,Resultatopgørelse|Lønninger|Løn AM-grundlag|Danløn|Personale- og mødeomkostninger uden moms|Restaurationsbesøg overarb. mv.|Lønrefusion sygeforsikring|Lønninger i alt|Arbejdstøj|Køb EU|Rengøring og rengøringsmidler|El afgift tilbageført|Restaurationsbesøg m/delv. Fradragsret|Broafgift m/moms (alle plader Øresund)|Storebælt u/moms (hvide plader)|Velgørenhed|**Markedsføringsbidrag**|Køb EU|Køb 3. Lande|Øvrige administrationsomk. i alt|**Resultat før renter**|**Resultat før skat**|A/c løn|Tilgode vedr. fejloverførsel|Overført fra tidligere år|Moms af EU varekøb|EU ydelseskøb modtagermoms K|Moms af varekøb udland|Skyldig løn|Lønindeholdelse|Skyldig løn|Skyldig løn i alt|Tommy Sørensen|Udlæg Paula Høiby|SLUT Rene Rørmose Løjmand|SLUT Oliver Skjønnemand|SLUT Stefan Vesløev|Jens Østervang|Anna Rønne Vang|Lukas B Højland|Sofie Østengård|SLUT - Emil Tophøj|SLUT Jonas Ø Fisker|Rasmus Møller|Pernille Sørensen|MINUS TW TECH Anders Thøgersen|Lars Østergaard|Mia Jørgensen|Charlotte Ellesøe,t_and_e,
mileage_allowance,Kørselsgodtgørelse,Mileage allowance,travel_transport,spend,full,kørselsgodtgørelse|km-godtgørelse,,,kørselsgodtgørelse|km|kilometer,3570,"KM penge 3,73/km til 20.000 km, så 2,10/km",t_and_e,
travel_incidentals,Øvrige rejseomkostninger,Travel incidentals,travel_transport,spend,full,rejseomkostninger|diæter|per diem|bagage|visa,,,rejse|diæt|bagage|visa,3572|3680|3682|4030|4032,Diæter|Rejser og ophold ifm. Opgaver|Rejser og ophold ifm opgaver m/delv. Moms|Rejser og ophold|Rejser og ophold m/delv. Fradragsret,t_and_e,
telecom_internet,Telefoni & internet (samlet),Telecom & internet (all),,group,full,,,,,,,,
home_internet_employee,Hjemmeinternet (ansatte),Home internet (employees),telecom_internet,spend,partial,hjemmeinternet|internet hjemme|bredbånd|fiber,,4814,internet|bredbånd|fiber|halv moms,5219|5241|5242,"IT Hardware mv. m halv moms|Abonnementer (Telefon, Internet )|Telefon-Internet -Personale halv moms",telecom,
mobile_phone_data,Mobiltelefon & data,Mobile phone & data,telecom_internet,spend,full,mobil|telefon|mobilabonnement|data,,4814,telefon|mobil,3530|5241|5242,"Fri telefon|Abonnementer (Telefon, Internet )|Telefon-Internet -Personale halv moms",telecom,
office_internet,Internet & fastnet (kontor),Office internet & landline,telecom_internet,spend,full,internet|fastnet|bredbånd|fiber,,4814,internet|fastnet,5241|5242,"Abonnementer (Telefon, Internet )|Telefon-Internet -Personale halv moms",telecom,
conferencing,Møde-/konferenceløsninger,Meeting/conferencing,telecom_internet,spend,full,zoom|teams|webex|meet|konference,,4814|4899,zoom|konference|meeting,3560,Kurser/udd./konferencer,telecom,
software_cloud,"Software, licenser & cloud (samlet)","Software, licenses & cloud (all)",,group,full,,,,,,,,
saas_productivity,SaaS: produktivitet (M365/GWS),SaaS: productivity (M365/GWS),software_cloud,spend,full,microsoft 365|office 365|google workspace|g suite,,5734|5818|7399,software|licens|licenser|microsoft|google,5214|5216|5217,Software|Software  EU Y|Software Udland,saas_all,
saas_dev,SaaS: udviklingsværktøjer,SaaS: dev tools,software_cloud,spend,full,github|gitlab|bitbucket|atlassian|jira|confluence|jetbrains,,5734|7399,github|atlassian|jira|confluence|jetbrains,,,saas_all,
saas_comm,SaaS: kommunikation,SaaS: communication,software_cloud,spend,full,slack|zoom|teams|loom|voip,,5734|4814,slack|zoom|teams,,,saas_all,
saas_hr_finance,SaaS: HR & finans,SaaS: HR & finance,software_cloud,spend,full,e-conomic|economic|pleo|salary|zenegy,,5734|7399,e-conomic|economic|pleo|salary|zenegy,8740,Pleo,saas_all,
saas_security,SaaS: sikkerhed (SSO/Password),SaaS: security (SSO/Password),software_cloud,spend,full,okta|onelogin|1password|lastpass,,5734|7399,okta|1password|lastpass,,,saas_all,
cloud_aws,Cloud: AWS,Cloud: AWS,software_cloud,spend,full,aws|amazon web services,,5734|7399,aws,,,cloud_all,
cloud_azure,Cloud: Azure,Cloud: Azure,software_cloud,spend,full,azure|microsoft azure,,5734|7399,azure,,,cloud_all,
cloud_gcp,Cloud: GCP,Cloud: GCP,software_cloud,spend,full,gcp|google cloud,,5734|7399,gcp|google cloud,,,cloud_all,
hosting_domains_cdn,"Hosting, domæner & CDN","Hosting, domains & CDN",software_cloud,spend,full,domæne|domain|dns|cdn|cloudflare|letsencrypt|hosted,,4816|4899,domæne|domain|hosting|dns|cdn|cloudflare,,,cloud_all,
email_sms_api,E-mail/SMS API'er,Email/SMS APIs,software_cloud,spend,full,sendgrid|mailgun|postmark|twilio|sms,,4899|4814,sendgrid|mailgun|postmark|twilio|sms,,,cloud_all,
it_equipment,IT-udstyr & reparation (samlet),IT equipment & repairs (all),,group,full,,,,,,,,
laptops,Computere & bærbare,Computers & laptops,it_equipment,spend,full,bærbar|laptop|macbook|pc|computer,,,bærbar|laptop|pc|computer,,,,
desktops,Stationære PC'er,Desktops,it_equipment,spend,full,desktop|stationær,,,stationær|desktop,,,,
monitors,Skærme,Monitors,it_equipment,spend,full,skærm|monitor,,,skærm|monitor,,,,
peripherals,"Tilbehør (tastatur, mus, dock)","Peripherals (keyboard, mouse, dock)",it_equipment,spend,full,tastatur|keyboard|mus|mouse|dock|dok|hub|adapter,,,tastatur|keyboard|mus|dock|adapter,9685|9701|9704|9719|9749|9759,Rasmus Frandsen|Rasmus Saltoft|Mathias Rasmussen|Sarah Rasmussen|Rasmus Møller|MINUS TW TECH Rasmus Rask Andersen,,
phones_tablets,Mobiltelefoner & tablets,Mobile phones & tablets,it_equipment,spend,full,iphone|android|tablet|ipad|telefon,,,telefon|tablet|iphone|ipad,3530|5241|5242,"Fri telefon|Abonnementer (Telefon, Internet )|Telefon-Internet -Personale halv moms",,
cables_accessories,Kabler & småtilbehør,Cables & small accessories,it_equipment,spend,full,kabel|kabler|hdmi|usb|thunderbolt|oplader|charger,,,kabel|kabler|oplader|adapter,,,,
it_repairs,Reparation & vedligehold (IT),Repairs & maintenance (IT),it_equipment,spend,full,reparation|repair|serviceaftale,,,rep|reparation|vedligehold,3636|3737|4020|5224,Rep./vedl. Maskiner/redskaber|Rep./vedl. Lokaler|Anden repræsentation|Rep. og vedl. af inventar,,
it_warranty_support,Garanti/support (IT),Warranty/support (IT),it_equipment,spend,full,garanti|warranty|supportaftale,,,garanti|support,6885,Garanti,,
office_facilities,Kontor & faciliteter (samlet),Office & facilities (all),,group,full,,,,,,,,
rent_lease,Husleje & lejemål,Rent & lease,office_facilities,spend,full,,,,husleje|leje|lejemål,3607|3608|3701,Leje driftsmidler|Leje af testlokaler m.m.|Husleje,,
utilities_electric,Forsyning: El,Utilities: electricity,office_facilities,spend,full,,,,el|elektricitet|strøm,1000|2120|3020|3530|3556|3601|3602|3682|3709|3730|4006|4031|4032|4040|4090|5241|5242|6500|6999|8100|8199|8200|8299|8501|8642|8743|9421|9424|9425|9426|9450|9460|9461|9462|9463|9464|9465|9466|9467|9469|9471|9472|9479|9480|9652|9663|9686|9705|9713|9718|9722|9725|9730|9732|9733|9737|9762|9765|9773|9786|9787|9791|9803,"Resultatopgørelse|Afholdelses af kursus|Afholdelse af kursus kunder|Fri telefon|Reg. Feriepengeforpligtelse|Transport og forsendelse med moms|Transport og forsendelse u/moms|Rejser og ophold ifm opgaver m/delv. Moms|El afgift|El afgift tilbageført|Restaurationsbesøg m/delv. Fradragsret|Hotel DK|Rejser og ophold m/delv. Fradragsret|Kunde udlæg Hotel|Velgørenhed|Abonnementer (Telefon, Internet )|Telefon-Internet -Personale halv moms|FINANSIELLE POSTER|FINANSIELLE POSTER I ALT|Materielle anlægsaktiver|Materielle anlægsaktiver i alt|Finansielle anlægsaktiver|Finansielle anlægsaktiver i alt|Varelager|Tilgode vedr. fejloverførsel|Mastercard HEL 3966007 Nykredit|EU ydelseskøb modtagermoms K|Indgående moms - delvis fradragsret|3. land ydelse modtagermoms K|El-afgift|Lønindeholdelse|Mellemregning Hans|Mellemregning HEL ApS|Mellemregning Peter|Mellemregning PG ApS|Mellemregning Tobias|Mellemregning Tokjo ApS|Mellemregning Thomas|Mellemregning Gammelvind Cons. ApS|Mellemregning TW Holding|Mellemregning TW Technology|Mellemregning TW Cyber|Selskabsskat|Skyldig selskabsskat|Elvi Nissen|Michael Bruun Ellegaard|SLUT Mikkel Frederiksen|danielle.vaever|Ida Hupfeld|Tinna S. Nielsen|Casper.Mellergaard|Helene Damsholt|Amalie Obel|Niels Berg|Lars Michael Brink|Nicole Agger-Nielsen|Andreas Nielsen|Trine Mikkelsen|Simon Brüel-Holler|Mikael Filtenborg|Marcus Vielsted|Emely Amlong|Charlotte Ellesøe",,
utilities_heating,Forsyning: Varme,Utilities: heating,office_facilities,spend,full,,,,varme|fjernvarme|gas,3717,Varme,,
utilities_water,Forsyning: Vand,Utilities: water,office_facilities,spend,full,drikkevand,,,vand,3721,Vand,,
cleaning,Rengøring,Cleaning,office_facilities,spend,full,,,,rengøring|rengoering,3729,Rengøring og rengøringsmidler,,
office_supplies,Kontorartikler,Office supplies,office_facilities,spend,full,,,,kontorartikler|papir|penne|whiteboard,5233|6814,Kontorartikler|Udbytte og renteindtægt på værdipapirer,,
printing,Print & tryk,Printing,office_facilities,spend,full,,,,print|tryksager|printer|toner,4003,"Annoncer, reklame og tryksager",,
furniture,Inventar & møbler,Furniture & fixtures,office_facilities,spend,full,,,,inventar|møbler|moebler|stol|bord,5222|5224|6150|6870|8150|8151|8152|8154,Inventar (under 33.100/14)|Rep. og vedl. af inventar|Afskrivning Inventar|Afskrivning inventar|Inventar|Afskrivning inventar|Tilgang Inventar|Afgang Inventar,,
plants_decor,Planter & dekoration,Plants & decor,office_facilities,spend,full,,,,planter|dekoration|blomster,3575|3745|4001|4008,Gaver og blomster|Dekoration kontoret|Dekoration|Gaver og blomster,,
facility_repairs,Reparation & vedligehold (facilitet),Repairs & maintenance (facility),office_facilities,spend,full,,,,reparation|vedligehold|serviceaftale,,,,
postage_shipping,Porto & forsendelse,Postage & shipping,office_facilities,spend,full,,,,porto|forsendelse|fragt|postnord|gls|dao,3601|3602|5237,Transport og forsendelse med moms|Transport og forsendelse u/moms|Porto,,
security_alarm_access,Alarm & adgang,Alarm & access,office_facilities,spend,full,,,,alarm|adgang|adgangskort|sikkerhed,3735,Alarm,,
sales_marketing,Salg & marketing (samlet),Sales & marketing (all),,group,full,,,,,,,,
advertising_online,Annoncer: Online,Advertising: online,sales_marketing,spend,full,,,7311,annoncer|ads|google ads|facebook ads|linkedin ads,3705|4003|9750|9794,"Parkeringsplads|Annoncer, reklame og tryksager|Mads Christiansen|Nichlas Halberg Madsen",,
advertising_offline,Annoncer: Offline/tryksager,Advertising: offline/print,sales_marketing,spend,full,,,7311,annoncer|tryksager|plakater,4003,"Annoncer, reklame og tryksager",,
seo_sem,SEO/SEM værktøjer,SEO/SEM tools,sales_marketing,spend,full,,,7311|5734,seo|sem|ahrefs|semrush,,,,
events_fairs,Messer & events,Trade shows & events,sales_marketing,spend,full,,,7392,messe|event|konference|stand,3010|3050|3055|3560|4004|5275,Konsulentbistand|Konsulentbistand TW TECH|Konsulentbistand TW CYBER|Kurser/udd./konferencer|Messer mv. m/moms|Konsulentbistand,,
sponsorships,Sponsorater,Sponsorships,sales_marketing,spend,full,,,7399,sponsor,4002|4005,Sponsorat|Sponsor u/moms,,
gifts_flowers_promo,"Gaver, blomster & promotion","Gifts, flowers & promo",sales_marketing,spend,full,,,5947|5943,gaver|blomster|merch|promotion,3002|3575|3680|3682|4008,Vareforbrug opgaver|Gaver og blomster|Rejser og ophold ifm. Opgaver|Rejser og ophold ifm opgaver m/delv. Moms|Gaver og blomster,,
marketing_other,Øvrig marketing,Other marketing,sales_marketing,spend,full,,,,marketing|reklame,4003,"Annoncer, reklame og tryksager",,
website_marketing_hosting,Web/marketing hosting & værktøjer,Web/marketing hosting & tools,sales_marketing,spend,full,,,4899|5734,wordpress|webhotel|hosting|mailchimp|hubspot,,,,
external_advisors,Eksterne rådgivere (samlet),External advisors (all),,group,full,,,,,,,,
legal_services,Juridisk bistand,Legal services,external_advisors,spend,full,,,8111,juridisk|advokat|legal,5268,Advokat,,
audit_accounting,Revision & regnskab,Audit & accounting,external_advisors,spend,full,,,8931,revision|revisor|regnskab|bogføring,5247|5270|9434,Regnskab og administration|Revisor|Afsat revisor,,
tax_advisory,Skatterådgivning,Tax advisory,external_advisors,spend,full,,,8931,skat|tax,4050|7070|7090|7091|7092|8686|9440|9441|9478|9479|9480|9481|9482|9485,Taxa/tog/bus|**Resultat før skat**|Skat af årets resultat|Skat tidligere år|Udskudt skat|Udskudt skat|Skyldig a-skat|Afregnet a-skat|Skyldig Udbytte Skat|Selskabsskat|Skyldig selskabsskat|Sambeskatningsbidrag|Langfristet skat|Skattekonto,,
external_consultants_mgmt,Eksterne konsulenter (management),External consultants (management),external_advisors,spend,full,,,7392,konsulent|management,2101|2102|2103|2104|2105|2110|2130|2140|2145|3010|3050|3055|5275,Konsulenthonorar|Konsulenthonorar Ework|Konsulenthonorar ZeroChaos Nordic ApS|Konsulenthonorar Vattenfall|Konsulenthonorar udland|Konsulenthonorar 3. Land|Konsulenthonorar EU|Konsulenthonorar TW TECH|Konsulent Cyber|Konsulentbistand|Konsulentbistand TW TECH|Konsulentbistand TW CYBER|Konsulentbistand,,
external_consultants_it,Eksterne konsulenter (IT),External consultants (IT),external_advisors,spend,full,,,7372|7379,it-konsulent|it konsulent|udvikling,,,,
recruitment_agencies,Rekruttering & jobopslag,Recruitment & job ads,external_advisors,spend,full,,,7361,rekruttering|headhunter|jobopslag,,,,
background_checks,Baggrundstjek,Background checks,external_advisors,spend,full,,,,baggrundstjek|background check,,,,
hr_benefits,HR & personalegoder (samlet),HR & employee benefits (all),,group,full,,,,,,,,
training_courses,Kurser & uddannelse,Training & courses,hr_benefits,spend,full,,,,kursus|uddannelse|certificering|kursusafgift,2120|3020,Afholdelses af kursus|Afholdelse af kursus kunder,,
conferences_workshops,Konferencer & workshops,Conferences & workshops,hr_benefits,spend,full,,,,konference|workshop,3560,Kurser/udd./konferencer,,
health_insurance,Sundhedsforsikring,Health insurance,hr_benefits,spend,full,,,6300,sundhedsforsikring|helbred,3531|3593,Sundhedsforsikring */*|Sundhedsforsikring,,
travel_insurance,Rejseforsikring,Travel insurance,hr_benefits,spend,full,,,6300,rejseforsikring,,,,
workwear,Arbejdstøj,Workwear,hr_benefits,spend,full,,,,arbejdstøj|uniform|tøj,3620,Arbejdstøj,,
staff_events,Personalearrangementer,Staff events,hr_benefits,spend,partial,,,,personalearrangement|julefrokost|sommerfest|teamdag,,,,
staff_welfare_gifts,Personalegaver & velfærd,Staff gifts & welfare,hr_benefits,spend,full,,,,personalegave|velfærd|wellbeing|gave|julegave,3002|3575|3680|3682|4008,Vareforbrug opgaver|Gaver og blomster|Rejser og ophold ifm. Opgaver|Rejser og ophold ifm opgaver m/delv. Moms|Gaver og blomster,,
lunch_benefit,Frokostordning (benefit),Lunch benefit,hr_benefits,spend,partial,,,,frokostordning|kantine,3586,Frokostordning,,
phone_benefit,Fri telefon (benefit),Company paid phone (benefit),hr_benefits,spend,partial,,,,fri telefon|telefon,3530|5241|5242,"Fri telefon|Abonnementer (Telefon, Internet )|Telefon-Internet -Personale halv moms",,
relocation,Relocation & tilflytning,Relocation expenses,hr_benefits,spend,full,,,,relocation|tilflytning|flytteomkostninger,,,,
cogs,Direkte omkostninger / COGS (samlet),Direct costs / COGS (all),,group,full,,,,,,,,
subcontractors,Underleverandører (konsulenter),Subcontractors (consultants),cogs,spend,full,,,,underleverandør|underleverandor|subcontractor|ekstern konsulent,,,,
project_software,Projektsoftware,Project software,cogs,spend,full,,,5734,projektsoftware|project software,,,,
project_materials,Projektmaterialer,Project materials,cogs,spend,full,,,,materialer|projektmaterialer,3610,Inspirationsmaterialer,,
client_training_events,Kundedrevne kurser/events,Client-driven training/events,cogs,spend,full,,,,kunde event|kundekursus|kundearrangement,,,,
client_reimbursables,Kundeudlæg (samlet),Client reimbursables (all),,group,full,,,,,,,,
reimb_food,Kundeudlæg: mad,Reimbursable: food,client_reimbursables,spend,full,,,,kundeudlæg|udlæg mad|viderefakturering mad,4007,Kunde udlæg mad,pass_through,
reimb_hotel,Kundeudlæg: hotel,Reimbursable: hotel,client_reimbursables,spend,full,,,,kundeudlæg|udlæg hotel|viderefakturering hotel,4040,Kunde udlæg Hotel,pass_through,
reimb_transport,Kundeudlæg: transport,Reimbursable: transport,client_reimbursables,spend,full,,,,kundeudlæg|udlæg transport|viderefakturering transport,4042,Kunde udlæg transport,pass_through,
reimb_other,Kundeudlæg: øvrigt,Reimbursable: other,client_reimbursables,spend,full,,,,kundeudlæg|viderefakturering,,,pass_through,
finance_other,Finans/afgifter/øvrigt (samlet),Finance/fees/other (all),,group,full,,,,,,,,
bank_fees,Bankgebyrer,Bank fees,finance_other,spend,full,,,,bankgebyr|gebyr|kortgebyr,5260|5262|6875,Gebyrer med moms|Gebyrer uden moms|Gebyr og renter off. Myndigheder,,
interest_expense,Renteomkostninger,Interest expense,finance_other,spend,full,,,,rente,6199|6800|6806|6810|6814|6818|6849|6850|6856|6860|6864|6875|6899,**Resultat før renter**|Renteindtægter mv.|Renteindtægt banker|Renteindtægt debitorer|Udbytte og renteindtægt på værdipapirer|Andre renteindtægter|Renteindtægter i alt|Renteudgifter mv.|Renteudgift banker|Renteudgift kreditorer|Andre renteudgifter|Gebyr og renter off. Myndigheder|Renteudgifter mv. i alt,,
fx_gain_loss,Valutakursregulering,FX gain/loss,finance_other,spend,full,,,,kursregulering|valuta,8712|8713,Kasse Valuta|Kasse Valuta 2,,
government_fees,Afgifter & gebyrer (myndigheder),Government fees,finance_other,spend,full,,,,afgift|gebyr|skat|erhvervsstyrelsen,3709|3730|4061|5260|5262|6875|7070|7090|7091|7092|8686|9426|9440|9441|9478|9479|9480|9481|9482|9485,El afgift|El afgift tilbageført|Broafgift m/moms (alle plader Øresund)|Gebyrer med moms|Gebyrer uden moms|Gebyr og renter off. Myndigheder|**Resultat før skat**|Skat af årets resultat|Skat tidligere år|Udskudt skat|Udskudt skat|El-afgift|Skyldig a-skat|Afregnet a-skat|Skyldig Udbytte Skat|Selskabsskat|Skyldig selskabsskat|Sambeskatningsbidrag|Langfristet skat|Skattekonto,,
charity_donations,Velgørenhed & donationer,Charity & donations,finance_other,spend,full,,,,donation|velgørenhed,4090,Velgørenhed,,
fines_penalties,Bøder & gebyrer,Fines & penalties,finance_other,spend,full,,,,bøde|boder|penalty,,,,
other_expense,Øvrige omkostninger,Other expense,finance_other,spend,full,,,,øvrige omkostninger|diverse,3740|3797|5297|5298|9354,Diverse vedr lokaler|Diverse u moms|Diverse med moms|Diverse uden moms|Diverse - kapital,,
insurance,Forsikringer (samlet),Insurance (all),,group,full,,,,,,,,
liability_insurance,Erhvervs-/ansvarsforsikring,General liability insurance,insurance,spend,full,,,6300,erhvervsforsikring|ansvarsforsikring,,,,
professional_indemnity,Professionel ansvarsforsikring,Professional indemnity,insurance,spend,full,,,,professionel ansvar|it-professionel,,,,
equipment_insurance,Udstyrsforsikring,Equipment insurance,insurance,spend,full,,,,udstyrsforsikring|elektronikforsikring,,,,
capex_depr,Anlæg & afskrivninger (samlet),Capex & depreciation (all),,group,full,,,,,,,,
capex_it_equipment,ANL: IT-udstyr,CAPEX: IT equipment,capex_depr,capex,full,,,,anlæg|capex|it-udstyr,8001|8100|8199|8200|8299|8399,ANLÆGSAKTIVER|Materielle anlægsaktiver|Materielle anlægsaktiver i alt|Finansielle anlægsaktiver|Finansielle anlægsaktiver i alt|ANLÆGSAKTIVER I ALT,,
capex_furniture,ANL: Inventar/møbler,CAPEX: furniture,capex_depr,capex,full,,,,anlæg|capex|inventar|møbler,5222|5224|6150|6870|8001|8100|8150|8151|8152|8154|8199|8200|8299|8399,Inventar (under 33.100/14)|Rep. og vedl. af inventar|Afskrivning Inventar|Afskrivning inventar|ANLÆGSAKTIVER|Materielle anlægsaktiver|Inventar|Afskrivning inventar|Tilgang Inventar|Afgang Inventar|Materielle anlægsaktiver i alt|Finansielle anlægsaktiver|Finansielle anlægsaktiver i alt|ANLÆGSAKTIVER I ALT,,
depr_it,Afskrivninger: IT,Depreciation: IT,capex_depr,non-spend,full,,,,afskrivning|it,5219|5250|5280|5296|5799|6100|6111|6131|6150|6160|6190|6195|6198|6810|6860|6870|6872|8111|8131|8151|8161|8290|8610|8612|8614|8620|8720|8741|8742|8743|9100|9101|9199|9354|9401|9403|9409|9433|9693|9721,"IT Hardware mv. m halv moms|Blade, tidsskrifter, faglitteratur|Tab på debitorer|Regulering kreditorer|Kapacitetsomkostninger i alt|AFSKRIVNINGER|Afskrivning Driftsmidler|Afskrivning Hardware|Afskrivning Inventar|Afskrivning Lokaler/indretning|Tab på debitorer|Hensat til tab på debitorer|AFSKRIVNINGER I ALT|Renteindtægt debitorer|Renteudgift kreditorer|Afskrivning inventar|Afskrivninger EDB-hardware|Afskrivning driftsmidler|Afskrivning edb-hardware|Afskrivning inventar|Afskrivning lokaler|Deposita|Samlekonto debitorer|Samlekonto debitorer EU|Samlekonto debitorer 3. Lande|Debitorer CN Juli 2020|Nykredit Bank|Mastercard TK 3965698 Nykredit|Mastercard TG 3965981 Nykredit|Mastercard HEL 3966007 Nykredit|Egenkapital|Anpartskapital|Egenkaital i alt|Diverse - kapital|Deposita|Gæld pengeinstitut|Gæld pengeinstitut i alt|Samlekonto kreditorer|Regitze|Ditte Hjort",,
depr_furniture,Afskrivninger: inventar,Depreciation: furniture,capex_depr,non-spend,full,,,,afskrivning|inventar,5222|5224|6100|6111|6131|6150|6160|6198|6870|6872|8111|8131|8150|8151|8152|8154|8161,Inventar (under 33.100/14)|Rep. og vedl. af inventar|AFSKRIVNINGER|Afskrivning Driftsmidler|Afskrivning Hardware|Afskrivning Inventar|Afskrivning Lokaler/indretning|AFSKRIVNINGER I ALT|Afskrivning inventar|Afskrivninger EDB-hardware|Afskrivning driftsmidler|Afskrivning edb-hardware|Inventar|Afskrivning inventar|Tilgang Inventar|Afgang Inventar|Afskrivning lokaler,,
